Name,Diet,State,Price,City
Keerai kootu,vegetarian,Tamil Nadu,124,Chennai
Papad,vegetarian,Unknown,24,Mumbai
Kachori,vegetarian,Uttar Pradesh,50,Varanasi
Balu shahi,vegetarian,West Bengal,45,Kolkata
Keri no ras,vegetarian,Gujarat,121,Junagadh
Gajar ka halwa,vegetarian,Punjab,40,Ludhiana
Payokh,vegetarian,Assam,60,Tezpur
Bhatura,vegetarian,Punjab,119,Amritsar
Keerai kootu,vegetarian,Tamil Nadu,129,Chennai
Konir Dom,non vegetarian,Assam,96,Guwahati
Rasam,vegetarian,Unknown,99,Chennai
Saath,vegetarian,Gujarat,116,Surat
Gavvalu,vegetarian,Andhra Pradesh,50,Vijayawada
Puli sadam,vegetarian,Tamil Nadu,133,Chennai
Imarti,vegetarian,West Bengal,45,Kolkata
Kofta,vegetarian,Uttar Pradesh,77,Lucknow
Kanji,vegetarian,Kerala,31,Kochi
Keerai masiyal,vegetarian,Tamil Nadu,103,Chennai
Mawa Bati,vegetarian,Madhya Pradesh,56,Bhopal
Kuzhakkattai,vegetarian,Tamil Nadu,94,Chennai
Masor Koni,non vegetarian,Assam,141,Guwahati
Copra paak,vegetarian,Gujarat,82,Surat
Aloo gobi,vegetarian,Punjab,131,Amritsar
Imarti,vegetarian,West Bengal,42,Kolkata
Sukhdi,vegetarian,Maharashtra,66,Mumbai
Modak,vegetarian,Maharashtra,61,Pune
Chevdo,vegetarian,Gujarat,40,Vadodara
Kutchi dabeli,vegetarian,Gujarat,57,Mandvi
Phirni,vegetarian,Odisha,28,Cuttack
Payasam,vegetarian,Unknown,50,Trivandrum
Bhatura,vegetarian,Punjab,120,Amritsar
Mushroom matar,vegetarian,Punjab,113,Chandigarh
Puri Bhaji,vegetarian,Maharashtra,147,Mumbai
Dahi vada,vegetarian,Maharashtra,34,Mumbai
Bhindi masala,vegetarian,Punjab,134,Ludhiana
Vegetable jalfrezi,vegetarian,Punjab,92,Chandigarh
Sukhdi,vegetarian,Maharashtra,60,Mumbai
Jalebi,vegetarian,Uttar Pradesh,46,Varanasi
Chole bhature,vegetarian,Punjab,112,Amritsar
Sandesh,vegetarian,West Bengal,60,Kolkata
Dal makhani ,vegetarian,Punjab,122,Amritsar
Zunka,vegetarian,Maharashtra,135,Pune
Pakhala,vegetarian,Odisha,136,Bhubaneswar
Sandige,vegetarian,Karnataka,135,Mangalore
Payasam,vegetarian,Unknown,52,Trivandrum
Rajma chaval,vegetarian,Punjab,93,Pathankot
Balu shahi,vegetarian,West Bengal,48,Kolkata
Pesarattu,vegetarian,Andhra Pradesh,24,Vijayawada
Pesarattu,vegetarian,Andhra Pradesh,26,Vijayawada
Pani Pitha,vegetarian,Assam,77,Guwahati
Pesarattu,vegetarian,Andhra Pradesh,22,Vijayawada
Churma Ladoo,vegetarian,Rajasthan,29,Jaipur
Khakhra,vegetarian,Gujarat,62,Rajkot
Daal baati churma,vegetarian,Rajasthan,87,Jaipur
Thepla,vegetarian,Gujarat,52,Ahmedabad
Dhondas,vegetarian,Maharashtra,64,Ratnagiri
Upma,vegetarian,Unknown,36,Chennai
Kuzhakkattai,vegetarian,Tamil Nadu,96,Chennai
Sheera,vegetarian,Maharashtra,80,Mumbai
Churma Ladoo,vegetarian,Rajasthan,29,Jaipur
Laddu,vegetarian,Unknown,42,New Delhi
Bhatura,vegetarian,Punjab,122,Amritsar
Galho,non vegetarian,Nagaland,128,Kohima
Navrattan korma,vegetarian,Uttar Pradesh,143,Lucknow
Bebinca,vegetarian,Goa,55,Panaji
Kuzhambu,vegetarian,Tamil Nadu,118,Chettinad
Jalebi,vegetarian,Uttar Pradesh,50,Varanasi
Dal tadka,vegetarian,Punjab,108,Chandigarh
Bajri no rotlo,vegetarian,Gujarat,145,Rajkot
Thayir sadam,vegetarian,Tamil Nadu,94,Chennai
Uttapam,vegetarian,Unknown,57,Chennai
Anarsa,vegetarian,Maharashtra,36,Nashik
Jeera Aloo,vegetarian,Gujarat,87,Ahmedabad
Copra paak,vegetarian,Gujarat,86,Surat
Kutchi dabeli,vegetarian,Gujarat,62,Mandvi
Handwo,vegetarian,Gujarat,29,Ahmedabad
Kabiraji,non vegetarian,West Bengal,118,Kolkata
Khar,vegetarian,Assam,111,Guwahati
Payasam,vegetarian,Unknown,51,Trivandrum
Pootharekulu,vegetarian,Andhra Pradesh,66,Atreyapuram
Palathalikalu,vegetarian,Andhra Pradesh,43,Amalapuram
Vegetable jalfrezi,vegetarian,Punjab,101,Chandigarh
Amti,vegetarian,Maharashtra,102,Pune
Pani Pitha,vegetarian,Assam,85,Guwahati
Chana masala,vegetarian,Punjab,116,Amritsar
Qubani ka meetha,vegetarian,Telangana,47,Hyderabad
Gulab jamun,vegetarian,West Bengal,25,Kolkata
Naan,vegetarian,Punjab,125,Amritsar
Chorafali,vegetarian,Gujarat,56,Ahmedabad
Keerai masiyal,vegetarian,Tamil Nadu,103,Chennai
Kuzhambu,vegetarian,Tamil Nadu,118,Chettinad
Aloo gobi,vegetarian,Punjab,127,Amritsar
Vindaloo,non vegetarian,Goa,146,Panaji
Laapsi,vegetarian,Madhya Pradesh,115,Indore
Currivepillai sadam ,vegetarian,Tamil Nadu,130,Chennai
Keerai sadam,vegetarian,Tamil Nadu,119,Chennai
Aloo methi,vegetarian,Punjab,144,Amritsar
Currivepillai sadam ,vegetarian,Tamil Nadu,133,Chennai
Sattu ki roti,vegetarian,Bihar,133,Patna
Petha,vegetarian,Uttar Pradesh,65,Agra
Mahim halwa,vegetarian,Maharashtra,59,Mumbai
Samosa,vegetarian,Uttar Pradesh,25,Allahabad
Chicken Tikka masala,non vegetarian,Punjab,137,Chandigarh
Muthiya,vegetarian,Gujarat,56,Surat
Prawn malai curry,non vegetarian,West Bengal,95,Kolkata
Pesarattu,vegetarian,Andhra Pradesh,25,Vijayawada
Sheer korma,vegetarian,Telangana,82,Hyderabad
Bajri no rotlo,vegetarian,Gujarat,142,Rajkot
Kadhi pakoda,vegetarian,Haryana,115,Chandigarh
Chingri malai curry,non vegetarian,West Bengal,116,Kolkata
Balu shahi,vegetarian,West Bengal,49,Kolkata
Poriyal,vegetarian,Tamil Nadu,148,Chennai
Qubani ka meetha,vegetarian,Telangana,50,Hyderabad
Saath,vegetarian,Gujarat,117,Surat
Veg Kolhapuri,vegetarian,Maharashtra,104,Kolhapur
Upma,vegetarian,Unknown,37,Chennai
Pesarattu,vegetarian,Andhra Pradesh,22,Vijayawada
Chhena kheeri,vegetarian,Odisha,80,Puri
Red Rice,vegetarian,Unknown,133,Palakkad
Rajma chaval,vegetarian,Punjab,96,Pathankot
Surnoli,vegetarian,Maharashtra,24,Malvan
Halvasan,vegetarian,Gujarat,58,Khambhat
Khar,vegetarian,Assam,111,Guwahati
Copra paak,vegetarian,Gujarat,80,Surat
Biryani,non vegetarian,Telangana,143,Hyderabad
Mihidana,vegetarian,West Bengal,39,Bardhaman
Sambar,vegetarian,Unknown,84,Chennai
Veg Kolhapuri,vegetarian,Maharashtra,105,Kolhapur
Payasam,vegetarian,Unknown,59,Trivandrum
Kos kootu,vegetarian,Tamil Nadu,129,Chennai
Surnoli,vegetarian,Maharashtra,32,Malvan
Chhena poda,vegetarian,Odisha,37,Nayagarh
Misti doi,vegetarian,West Bengal,38,Kolkata
Balu shahi,vegetarian,West Bengal,53,Kolkata
Chicken Varuval,non vegetarian,Tamil Nadu,122,Chettinad
Doodhpak,vegetarian,Gujarat,72,Surat
Jalebi,vegetarian,Uttar Pradesh,50,Varanasi
Farsi Puri,vegetarian,Gujarat,44,Surat
Anarsa,vegetarian,Maharashtra,26,Nashik
Imarti,vegetarian,West Bengal,36,Kolkata
Kumol Sawul,non vegetarian,Assam,102,Guwahati
Sukhdi,vegetarian,Maharashtra,64,Mumbai
Lassi,vegetarian,Punjab,63,Amritsar
Sabudana Khichadi,vegetarian,Maharashtra,57,Pune
Dhokla,vegetarian,Gujarat,28,Ahmedabad
Ledikeni,vegetarian,West Bengal,32,Kolkata
Theeyal,vegetarian,Kerala,102,Trivandrum
Gulab jamun,vegetarian,West Bengal,30,Kolkata
Lassi,vegetarian,Punjab,62,Amritsar
Mysore pak,vegetarian,Karnataka,68,Mysore
Mysore pak,vegetarian,Karnataka,75,Mysore
Chakali,vegetarian,Maharashtra,23,Mumbai
Kootu,vegetarian,Tamil Nadu,120,Chennai
Aloo shimla mirch,vegetarian,Punjab,100,Jalandhar
Sohan halwa,vegetarian,Uttar Pradesh,37,Lucknow
Shufta,vegetarian,Jammu & Kashmir,29,Srinagar
Uttapam,vegetarian,Unknown,49,Chennai
Chhena poda,vegetarian,Odisha,36,Nayagarh
Boondi,vegetarian,Rajasthan,72,Jaipur
Laddu,vegetarian,Unknown,46,New Delhi
Pork Bharta,non vegetarian,Tripura,94,Agartala
Gajar ka halwa,vegetarian,Punjab,44,Ludhiana
Avial,vegetarian,Kerala,118,Trivandrum
Muthiya,vegetarian,Gujarat,50,Surat
Chakali,vegetarian,Maharashtra,21,Mumbai
Chingri malai curry,non vegetarian,West Bengal,113,Kolkata
Undhiyu,vegetarian,Gujarat,118,Surat
Masor tenga,non vegetarian,Assam,84,Guwahati
Dharwad pedha,vegetarian,Karnataka,69,Dharwad
Sabudana Khichadi,vegetarian,Maharashtra,58,Pune
Cheera Doi,vegetarian,West Bengal,32,Kolkata
Kalakand,vegetarian,West Bengal,35,Kolkata
Palathalikalu,vegetarian,Andhra Pradesh,37,Amalapuram
Keerai masiyal,vegetarian,Tamil Nadu,100,Chennai
Rongi,vegetarian,Punjab,116,Jammu
Sandesh,vegetarian,West Bengal,61,Kolkata
Chana masala,vegetarian,Punjab,115,Amritsar
Pinaca,vegetarian,Goa,44,Margao
Shankarpali,vegetarian,Maharashtra,50,Mumbai
Kansar,vegetarian,Gujarat,115,Surat
Pani Pitha,vegetarian,Assam,81,Guwahati
Qubani ka meetha,vegetarian,Telangana,47,Hyderabad
Kuzhakkattai,vegetarian,Tamil Nadu,96,Chennai
Adhirasam,vegetarian,West Bengal,69,Kolkata
Aloo shimla mirch,vegetarian,Punjab,96,Jalandhar
Samosa,vegetarian,Uttar Pradesh,25,Allahabad
Undhiyu,vegetarian,Gujarat,122,Surat
Zunka,vegetarian,Maharashtra,131,Pune
Luchi,vegetarian,West Bengal,109,Kolkata
Keerai kootu,vegetarian,Tamil Nadu,123,Chennai
Bombil fry,non vegetarian,Maharashtra,138,Mumbai
Lauki ke kofte,vegetarian,Uttar Pradesh,133,Lucknow
Rabri,vegetarian,Uttar Pradesh,60,Mathura
Balu shahi,vegetarian,West Bengal,47,Kolkata
Jeera Aloo,vegetarian,Gujarat,92,Ahmedabad
Chicken razala,non vegetarian,West Bengal,131,Kolkata
Kos kootu,vegetarian,Tamil Nadu,127,Chennai
Puttu,vegetarian,Kerala,77,Kochi
Pantua,vegetarian,West Bengal,73,Ranaghat
Dhokla,vegetarian,Gujarat,35,Ahmedabad
Kajjikaya,vegetarian,Andhra Pradesh,61,Kakinada
Shufta,vegetarian,Jammu & Kashmir,35,Srinagar
Thalipeeth,vegetarian,Maharashtra,78,Pune
Coconut vadi,vegetarian,Maharashtra,28,Mumbai
Vegetable jalfrezi,vegetarian,Punjab,93,Chandigarh
Kajjikaya,vegetarian,Andhra Pradesh,54,Kakinada
Kuzhambu,vegetarian,Tamil Nadu,123,Chettinad
Sev khamani,vegetarian,Gujarat,97,Surat
Sheera,vegetarian,Maharashtra,82,Mumbai
Masor tenga,non vegetarian,Assam,82,Guwahati
Shufta,vegetarian,Jammu & Kashmir,34,Srinagar
Surnoli,vegetarian,Maharashtra,32,Malvan
Lyangcha,vegetarian,Assam,77,Guwahati
Palak paneer,vegetarian,Punjab,133,Chandigarh
Bora Sawul,vegetarian,Assam,131,Guwahati
Chapati,vegetarian,Maharashtra,100,Mumbai
Baingan Fry,vegetarian,Punjab,82,Patiala
Mushroom do pyaza,vegetarian,Punjab,139,Chandigarh
Farsi Puri,vegetarian,Gujarat,44,Surat
Pav Bhaji,vegetarian,Maharashtra,122,Mumbai
Theeyal,vegetarian,Kerala,99,Trivandrum
Idiappam,vegetarian,Tamil Nadu,32,Madurai
Boondi,vegetarian,Rajasthan,75,Jaipur
Dosa,vegetarian,Tamil Nadu,32,Chennai
Pakhala,vegetarian,Odisha,144,Bhubaneswar
Chicken Varuval,non vegetarian,Tamil Nadu,122,Chettinad
Dharwad pedha,vegetarian,Karnataka,68,Dharwad
Patra,vegetarian,Gujarat,19,Surat
Til Pitha,vegetarian,Assam,57,Guwahati
Laapsi,vegetarian,Madhya Pradesh,114,Indore
Boondi,vegetarian,Rajasthan,76,Jaipur
Boondi,vegetarian,Rajasthan,75,Jaipur
Khakhra,vegetarian,Gujarat,56,Rajkot
Chicken Tikka masala,non vegetarian,Punjab,134,Chandigarh
Handwo,vegetarian,Gujarat,25,Ahmedabad
Brown Rice,vegetarian,Unknown,141,Generic
Pesarattu,vegetarian,Andhra Pradesh,21,Vijayawada
Gavvalu,vegetarian,Andhra Pradesh,50,Vijayawada
Kulfi falooda,vegetarian,Unknown,60,New Delhi
Uttapam,vegetarian,Unknown,56,Chennai
Undhiyu,vegetarian,Gujarat,118,Surat
Kabiraji,non vegetarian,West Bengal,113,Kolkata
Sambar,vegetarian,Unknown,75,Chennai
Shufta,vegetarian,Jammu & Kashmir,31,Srinagar
Pesarattu,vegetarian,Andhra Pradesh,26,Vijayawada
Shahi paneer,vegetarian,Punjab,89,Chandigarh
Kumol Sawul,non vegetarian,Assam,99,Guwahati
Kombdi vade,vegetarian,Maharashtra,31,Malvan
Bombil fry,non vegetarian,Maharashtra,136,Mumbai
Pesarattu,vegetarian,Andhra Pradesh,20,Vijayawada
Kombdi vade,vegetarian,Maharashtra,26,Malvan
Khorisa,vegetarian,Assam,85,Guwahati
Puttu,vegetarian,Kerala,82,Kochi
Singori,vegetarian,Uttarakhand,46,Almora
Aloo matar,vegetarian,Punjab,91,Ludhiana
Keerai kootu,vegetarian,Tamil Nadu,122,Chennai
Poornalu,vegetarian,Andhra Pradesh,32,Visakhapatnam
Poriyal,vegetarian,Tamil Nadu,152,Chennai
Mishti Chholar Dal,vegetarian,West Bengal,79,Kolkata
Lauki ke kofte,vegetarian,Uttar Pradesh,141,Lucknow
Dharwad pedha,vegetarian,Karnataka,66,Dharwad
Namakpara,vegetarian,Gujarat,41,Ahmedabad
Shahi paneer,vegetarian,Punjab,83,Chandigarh
Churma Ladoo,vegetarian,Rajasthan,37,Jaipur
Sohan halwa,vegetarian,Uttar Pradesh,33,Lucknow
Palathalikalu,vegetarian,Andhra Pradesh,40,Amalapuram
Mawa Bati,vegetarian,Madhya Pradesh,53,Bhopal
Rabri,vegetarian,Uttar Pradesh,68,Mathura
Dal makhani ,vegetarian,Punjab,121,Amritsar
Koldil Chicken,non vegetarian,Assam,89,Guwahati
Mushroom do pyaza,vegetarian,Punjab,140,Chandigarh
Kajjikaya,vegetarian,Andhra Pradesh,55,Kakinada
Sabudana Khichadi,vegetarian,Maharashtra,57,Pune
Singori,vegetarian,Uttarakhand,42,Almora
Papad,vegetarian,Unknown,24,Mumbai
Kheer sagar,vegetarian,Odisha,65,Puri
Dharwad pedha,vegetarian,Karnataka,64,Dharwad
Thalipeeth,vegetarian,Maharashtra,86,Pune
Pattor,vegetarian,Rajasthan,136,Jaipur
Coconut vadi,vegetarian,Maharashtra,32,Mumbai
Avial,vegetarian,Kerala,121,Trivandrum
Vindaloo,non vegetarian,Goa,144,Panaji
Chhena jalebi,vegetarian,Odisha,40,Puri
Kutchi dabeli,vegetarian,Gujarat,59,Mandvi
Kuzhakkattai,vegetarian,Tamil Nadu,99,Chennai
Kheer sagar,vegetarian,Odisha,69,Puri
Kansar,vegetarian,Gujarat,109,Surat
Kheer sagar,vegetarian,Odisha,67,Puri
Paruppu sadam,vegetarian,Tamil Nadu,102,Chennai
Gulab jamun,vegetarian,West Bengal,34,Kolkata
Pav Bhaji,vegetarian,Maharashtra,118,Mumbai
Kheer sagar,vegetarian,Odisha,64,Puri
Aloo gobi,vegetarian,Punjab,132,Amritsar
Kutchi dabeli,vegetarian,Gujarat,60,Mandvi
Sandige,vegetarian,Karnataka,140,Mangalore
Currivepillai sadam ,vegetarian,Tamil Nadu,136,Chennai
Idli,vegetarian,Tamil Nadu,39,Chennai
Sheera,vegetarian,Maharashtra,83,Mumbai
Sevai,vegetarian,Unknown,125,Chennai
Shahi paneer,vegetarian,Punjab,82,Chandigarh
Kumol Sawul,non vegetarian,Assam,101,Guwahati
Makki di roti sarson da saag,vegetarian,Punjab,140,Amritsar
Koshimbir,vegetarian,Maharashtra,131,Pune
Kutchi dabeli,vegetarian,Gujarat,55,Mandvi
Copra paak,vegetarian,Gujarat,87,Surat
Palathalikalu,vegetarian,Andhra Pradesh,36,Amalapuram
Samosa,vegetarian,Uttar Pradesh,30,Allahabad
Mushroom do pyaza,vegetarian,Punjab,139,Chandigarh
Poornalu,vegetarian,Andhra Pradesh,29,Visakhapatnam
Mushroom do pyaza,vegetarian,Punjab,142,Chandigarh
Undhiyu,vegetarian,Gujarat,120,Surat
Dudhi halwa,vegetarian,Gujarat,41,Ahmedabad
Paravannam,vegetarian,Kerala,78,Trivandrum
Puli sadam,vegetarian,Tamil Nadu,138,Chennai
Paruppu sadam,vegetarian,Tamil Nadu,95,Chennai
Kootu,vegetarian,Tamil Nadu,121,Chennai
Mag Dhokli,vegetarian,Gujarat,40,Ahmedabad
Zunka,vegetarian,Maharashtra,138,Pune
Chevdo,vegetarian,Gujarat,48,Vadodara
Biryani,non vegetarian,Telangana,145,Hyderabad
Dum aloo,vegetarian,Jammu & Kashmir,138,Srinagar
Khorisa,vegetarian,Assam,83,Guwahati
Kakinada khaja,vegetarian,Andhra Pradesh,35,Kakinada
Poornalu,vegetarian,Andhra Pradesh,30,Visakhapatnam
Rongi,vegetarian,Punjab,116,Jammu
Ledikeni,vegetarian,West Bengal,29,Kolkata
Zunka,vegetarian,Maharashtra,135,Pune
Tandoori Fish Tikka,non vegetarian,Punjab,100,Amritsar
Maach Jhol,non vegetarian,Assam,124,Guwahati
Kaju katli,vegetarian,Unknown,31,New Delhi
Pork Bharta,non vegetarian,Tripura,87,Agartala
Kos kootu,vegetarian,Tamil Nadu,133,Chennai
Pav Bhaji,vegetarian,Maharashtra,118,Mumbai
Fara,vegetarian,Chhattisgarh,62,Raipur
Rajma chaval,vegetarian,Punjab,100,Pathankot
Kachori,vegetarian,Uttar Pradesh,47,Varanasi
Aloo matar,vegetarian,Punjab,94,Ludhiana
Malapua,vegetarian,Bihar,39,Patna
Veg Kolhapuri,vegetarian,Maharashtra,104,Kolhapur
Pav Bhaji,vegetarian,Maharashtra,127,Mumbai
Naan,vegetarian,Punjab,122,Amritsar
Makki di roti sarson da saag,vegetarian,Punjab,141,Amritsar
Jeera Aloo,vegetarian,Gujarat,86,Ahmedabad
Pithe,vegetarian,Assam,51,Guwahati
Zunka,vegetarian,Maharashtra,132,Pune
Makki di roti sarson da saag,vegetarian,Punjab,139,Amritsar
Malapua,vegetarian,Bihar,37,Patna
Kajjikaya,vegetarian,Andhra Pradesh,54,Kakinada
Pootharekulu,vegetarian,Andhra Pradesh,61,Atreyapuram
Coconut vadi,vegetarian,Maharashtra,34,Mumbai
Singori,vegetarian,Uttarakhand,37,Almora
Mushroom matar,vegetarian,Punjab,119,Chandigarh
Obbattu holige,vegetarian,Karnataka,106,Bangalore
Kulfi falooda,vegetarian,Unknown,54,New Delhi
Chhena jalebi,vegetarian,Odisha,42,Puri
Halvasan,vegetarian,Gujarat,54,Khambhat
Keerai masiyal,vegetarian,Tamil Nadu,102,Chennai
Kumol Sawul,non vegetarian,Assam,99,Guwahati
Attu,vegetarian,Andhra Pradesh,50,Visakhapatnam
Sandige,vegetarian,Karnataka,139,Mangalore
Patra,vegetarian,Gujarat,26,Surat
Sambar,vegetarian,Unknown,84,Chennai
Panjeeri,vegetarian,Uttar Pradesh,48,Kanpur
Masor tenga,non vegetarian,Assam,80,Guwahati
Mohanthal,vegetarian,Gujarat,40,Ahmedabad
Sev khamani,vegetarian,Gujarat,101,Surat
Chicken razala,non vegetarian,West Bengal,134,Kolkata
Kalakand,vegetarian,West Bengal,41,Kolkata
Alu Pitika,non vegetarian,Assam,80,Guwahati
Veg Kolhapuri,vegetarian,Maharashtra,108,Kolhapur
Maach Jhol,non vegetarian,Assam,125,Guwahati
Jeera Aloo,vegetarian,Gujarat,91,Ahmedabad
Kheer,vegetarian,Unknown,26,New Delhi
Upma,vegetarian,Unknown,38,Chennai
Thepla,vegetarian,Gujarat,55,Ahmedabad
Dal tadka,vegetarian,Punjab,111,Chandigarh
Kheer sagar,vegetarian,Odisha,69,Puri
Aloo gobi,vegetarian,Punjab,131,Amritsar
Kumol Sawul,non vegetarian,Assam,97,Guwahati
Chingri malai curry,non vegetarian,West Bengal,117,Kolkata
Vindaloo,non vegetarian,Goa,140,Panaji
Lilva Kachori,vegetarian,Gujarat,24,Valsad
Pongal,vegetarian,Tamil Nadu,51,Chennai
Cheera Doi,vegetarian,West Bengal,30,Kolkata
Mushroom do pyaza,vegetarian,Punjab,141,Chandigarh
Vada,vegetarian,Unknown,40,Chennai
Undhiyu,vegetarian,Gujarat,114,Surat
Anarsa,vegetarian,Maharashtra,30,Nashik
Singori,vegetarian,Uttarakhand,44,Almora
Kalakand,vegetarian,West Bengal,33,Kolkata
Makki di roti sarson da saag,vegetarian,Punjab,145,Amritsar
Chingri malai curry,non vegetarian,West Bengal,116,Kolkata
Rajma chaval,vegetarian,Punjab,94,Pathankot
Kuzhakkattai,vegetarian,Tamil Nadu,99,Chennai
Malapua,vegetarian,Bihar,39,Patna
Mawa Bati,vegetarian,Madhya Pradesh,57,Bhopal
Currivepillai sadam ,vegetarian,Tamil Nadu,135,Chennai
Kolim Jawla,non vegetarian,Maharashtra,101,Mumbai
Mushroom matar,vegetarian,Punjab,116,Chandigarh
Mawa Bati,vegetarian,Madhya Pradesh,51,Bhopal
Khorisa,vegetarian,Assam,78,Guwahati
Gavvalu,vegetarian,Andhra Pradesh,50,Vijayawada
Kheer sagar,vegetarian,Odisha,69,Puri
Poriyal,vegetarian,Tamil Nadu,148,Chennai
Naan,vegetarian,Punjab,127,Amritsar
Nankhatai,vegetarian,Unknown,47,Surat
Keerai masiyal,vegetarian,Tamil Nadu,102,Chennai
Handwo,vegetarian,Gujarat,33,Ahmedabad
Vindaloo,non vegetarian,Goa,150,Panaji
Shankarpali,vegetarian,Maharashtra,50,Mumbai
Kheer,vegetarian,Unknown,25,New Delhi
Vindaloo,non vegetarian,Goa,141,Panaji
Sambar,vegetarian,Unknown,83,Chennai
Kalakand,vegetarian,West Bengal,34,Kolkata
Methi na Gota,vegetarian,Gujarat,136,Dakor
Kachori,vegetarian,Uttar Pradesh,51,Varanasi
Mahim halwa,vegetarian,Maharashtra,60,Mumbai
Kulfi falooda,vegetarian,Unknown,59,New Delhi
Khandvi,vegetarian,Gujarat,41,Ahmedabad
Halvasan,vegetarian,Gujarat,53,Khambhat
Pindi chana,vegetarian,Punjab,134,Rawalpindi
Currivepillai sadam ,vegetarian,Tamil Nadu,133,Chennai
Mysore pak,vegetarian,Karnataka,68,Mysore
Rajma chaval,vegetarian,Punjab,97,Pathankot
Payokh,vegetarian,Assam,62,Tezpur
Pachadi,vegetarian,Unknown,130,Kochi
Sheer korma,vegetarian,Telangana,76,Hyderabad
Mushroom matar,vegetarian,Punjab,115,Chandigarh
Dudhi halwa,vegetarian,Gujarat,47,Ahmedabad
Chakali,vegetarian,Maharashtra,30,Mumbai
Luchi,vegetarian,West Bengal,104,Kolkata
Bhatura,vegetarian,Punjab,116,Amritsar
Chingri malai curry,non vegetarian,West Bengal,113,Kolkata
Malapua,vegetarian,Bihar,43,Patna
Unni Appam,vegetarian,Tamil Nadu,64,Kottayam
Kulfi falooda,vegetarian,Unknown,56,New Delhi
Lassi,vegetarian,Punjab,59,Amritsar
Laddu,vegetarian,Unknown,37,New Delhi
Pithe,vegetarian,Assam,41,Guwahati
Mag Dhokli,vegetarian,Gujarat,41,Ahmedabad
Kulfi falooda,vegetarian,Unknown,55,New Delhi
Chakali,vegetarian,Maharashtra,28,Mumbai
Pani puri,vegetarian,Uttar Pradesh,57,Varanasi
Puri Bhaji,vegetarian,Maharashtra,153,Mumbai
Pav Bhaji,vegetarian,Maharashtra,127,Mumbai
Khichu,vegetarian,Gujarat,29,Surat
Rongi,vegetarian,Punjab,112,Jammu
Koldil Duck,non vegetarian,Assam,93,Guwahati
Bhindi masala,vegetarian,Punjab,136,Ludhiana
Sutar feni,vegetarian,Maharashtra,75,Mumbai
Modak,vegetarian,Maharashtra,52,Pune
Chevdo,vegetarian,Gujarat,39,Vadodara
Shrikhand,vegetarian,Maharashtra,31,Pune
Khaman,vegetarian,Gujarat,40,Surat
Churma Ladoo,vegetarian,Rajasthan,38,Jaipur
Paratha,vegetarian,Punjab,136,Amritsar
Amti,vegetarian,Maharashtra,96,Pune
Bombil fry,non vegetarian,Maharashtra,142,Mumbai
Bombil fry,non vegetarian,Maharashtra,140,Mumbai
Shahi tukra,vegetarian,Telangana,44,Hyderabad
Bhatura,vegetarian,Punjab,117,Amritsar
Brown Rice,vegetarian,Unknown,148,Generic
Kaju katli,vegetarian,Unknown,33,New Delhi
Boondi,vegetarian,Rajasthan,74,Jaipur
Khar,vegetarian,Assam,114,Guwahati
Phirni,vegetarian,Odisha,29,Cuttack
Shahi paneer,vegetarian,Punjab,86,Chandigarh
Pongal,vegetarian,Tamil Nadu,49,Chennai
Veg Kolhapuri,vegetarian,Maharashtra,100,Kolhapur
Dalithoy,vegetarian,Maharashtra,137,Mumbai
Chingri malai curry,non vegetarian,West Bengal,119,Kolkata
Makki di roti sarson da saag,vegetarian,Punjab,138,Amritsar
Aloo methi,vegetarian,Punjab,136,Amritsar
Chana masala,vegetarian,Punjab,116,Amritsar
Phirni,vegetarian,Odisha,36,Cuttack
Chole bhature,vegetarian,Punjab,115,Amritsar
Basundi,vegetarian,Gujarat,36,Vadodara
Palathalikalu,vegetarian,Andhra Pradesh,43,Amalapuram
Sandige,vegetarian,Karnataka,137,Mangalore
Modak,vegetarian,Maharashtra,60,Pune
Sattu ki roti,vegetarian,Bihar,126,Patna
Chikki,vegetarian,Maharashtra,32,Lonavala
Kofta,vegetarian,Uttar Pradesh,79,Lucknow
Aloo tikki,vegetarian,Punjab,101,Amritsar
Kalakand,vegetarian,West Bengal,41,Kolkata
Kos kootu,vegetarian,Tamil Nadu,132,Chennai
Singori,vegetarian,Uttarakhand,36,Almora
Cheera Doi,vegetarian,West Bengal,37,Kolkata
Biryani,non vegetarian,Telangana,136,Hyderabad
Kachori,vegetarian,Uttar Pradesh,50,Varanasi
Thalipeeth,vegetarian,Maharashtra,84,Pune
Chikki,vegetarian,Maharashtra,36,Lonavala
Papadum,vegetarian,Kerala,17,Guruvayur
Kadhi pakoda,vegetarian,Haryana,120,Chandigarh
Kalakand,vegetarian,West Bengal,36,Kolkata
Payasam,vegetarian,Unknown,51,Trivandrum
Shahi paneer,vegetarian,Punjab,91,Chandigarh
Khorisa,vegetarian,Assam,87,Guwahati
Petha,vegetarian,Uttar Pradesh,66,Agra
Vegetable jalfrezi,vegetarian,Punjab,94,Chandigarh
Red Rice,vegetarian,Unknown,134,Palakkad
Mushroom do pyaza,vegetarian,Punjab,142,Chandigarh
Saath,vegetarian,Gujarat,120,Surat
Mushroom matar,vegetarian,Punjab,121,Chandigarh
Double ka meetha,vegetarian,Telangana,37,Hyderabad
Kulfi falooda,vegetarian,Unknown,61,New Delhi
Bebinca,vegetarian,Goa,49,Panaji
Bisi bele bath,vegetarian,Karnataka,143,Mysore
Sohan halwa,vegetarian,Uttar Pradesh,32,Lucknow
Sev tameta,vegetarian,Gujarat,112,Rajkot
Currivepillai sadam ,vegetarian,Tamil Nadu,136,Chennai
Dahi vada,vegetarian,Maharashtra,34,Mumbai
Double ka meetha,vegetarian,Telangana,34,Hyderabad
Keerai masiyal,vegetarian,Tamil Nadu,107,Chennai
Paneer tikka masala,vegetarian,Punjab,77,Chandigarh
Biryani,non vegetarian,Telangana,145,Hyderabad
Khichdi,vegetarian,Unknown,123,New Delhi
Chak Hao Kheer,vegetarian,Manipur,63,Imphal
Pani Pitha,vegetarian,Assam,81,Guwahati
Idiappam,vegetarian,Tamil Nadu,26,Madurai
Masor tenga,non vegetarian,Assam,76,Guwahati
Pindi chana,vegetarian,Punjab,139,Rawalpindi
Kothamali sadam,vegetarian,Tamil Nadu,83,Chennai
Mishti Chholar Dal,vegetarian,West Bengal,81,Kolkata
Sohan halwa,vegetarian,Uttar Pradesh,34,Lucknow
Kutchi dabeli,vegetarian,Gujarat,53,Mandvi
Samosa,vegetarian,Uttar Pradesh,29,Allahabad
Basundi,vegetarian,Gujarat,44,Vadodara
Keerai masiyal,vegetarian,Tamil Nadu,106,Chennai
Mushroom matar,vegetarian,Punjab,112,Chandigarh
Lauki ke kofte,vegetarian,Uttar Pradesh,133,Lucknow
Chicken Tikka,non vegetarian,Punjab,55,Ludhiana
Turiya Patra Vatana sabji,vegetarian,Gujarat,120,Surat
Pani puri,vegetarian,Uttar Pradesh,59,Varanasi
Chhena jalebi,vegetarian,Odisha,47,Puri
Sattu ki roti,vegetarian,Bihar,132,Patna
Pakhala,vegetarian,Odisha,144,Bhubaneswar
Undhiyu,vegetarian,Gujarat,117,Surat
Black rice,non vegetarian,Manipur,128,Imphal
Kalakand,vegetarian,West Bengal,42,Kolkata
Chorafali,vegetarian,Gujarat,54,Ahmedabad
Methi na Gota,vegetarian,Gujarat,145,Dakor
Mawa Bati,vegetarian,Madhya Pradesh,54,Bhopal
Baingan Fry,vegetarian,Punjab,76,Patiala
Dal tadka,vegetarian,Punjab,115,Chandigarh
Uttapam,vegetarian,Unknown,49,Chennai
Laddu,vegetarian,Unknown,39,New Delhi
Daal puri,vegetarian,West Bengal,140,Kolkata
Chapati,vegetarian,Maharashtra,99,Mumbai
Paneer butter masala,vegetarian,Punjab,118,Chandigarh
Bhakri,vegetarian,Maharashtra,142,Pune
Doodhpak,vegetarian,Gujarat,78,Surat
Amti,vegetarian,Maharashtra,103,Pune
Sutar feni,vegetarian,Maharashtra,66,Mumbai
Maach Jhol,non vegetarian,Assam,127,Guwahati
Luchi,vegetarian,West Bengal,112,Kolkata
Puri Bhaji,vegetarian,Maharashtra,151,Mumbai
Khichu,vegetarian,Gujarat,30,Surat
Saath,vegetarian,Gujarat,120,Surat
Lyangcha,vegetarian,Assam,70,Guwahati
Kabiraji,non vegetarian,West Bengal,115,Kolkata
Kakinada khaja,vegetarian,Andhra Pradesh,43,Kakinada
Dosa,vegetarian,Tamil Nadu,30,Chennai
Chak Hao Kheer,vegetarian,Manipur,70,Imphal
Saath,vegetarian,Gujarat,119,Surat
Petha,vegetarian,Uttar Pradesh,58,Agra
Idiappam,vegetarian,Tamil Nadu,24,Madurai
Churma Ladoo,vegetarian,Rajasthan,36,Jaipur
Methi na Gota,vegetarian,Gujarat,142,Dakor
Pattor,vegetarian,Rajasthan,131,Jaipur
Dhokla,vegetarian,Gujarat,37,Ahmedabad
Pesarattu,vegetarian,Andhra Pradesh,26,Vijayawada
Koshambri,vegetarian,Karnataka,145,Udupi
Masor Koni,non vegetarian,Assam,136,Guwahati
Dahi vada,vegetarian,Maharashtra,38,Mumbai
Dahi vada,vegetarian,Maharashtra,37,Mumbai
Idiappam,vegetarian,Tamil Nadu,31,Madurai
Chole bhature,vegetarian,Punjab,118,Amritsar
Papad,vegetarian,Unknown,16,Mumbai
Pakhala,vegetarian,Odisha,139,Bhubaneswar
Fara,vegetarian,Chhattisgarh,62,Raipur
Balu shahi,vegetarian,West Bengal,48,Kolkata
Currivepillai sadam ,vegetarian,Tamil Nadu,137,Chennai
Sohan papdi,vegetarian,Maharashtra,63,Nagpur
Payasam,vegetarian,Unknown,58,Trivandrum
Kansar,vegetarian,Gujarat,109,Surat
Shahi paneer,vegetarian,Punjab,84,Chandigarh
Amti,vegetarian,Maharashtra,101,Pune
Copra paak,vegetarian,Gujarat,81,Surat
Dal tadka,vegetarian,Punjab,115,Chandigarh
Sukhdi,vegetarian,Maharashtra,63,Mumbai
Khakhra,vegetarian,Gujarat,54,Rajkot
Aloo shimla mirch,vegetarian,Punjab,97,Jalandhar
Keerai kootu,vegetarian,Tamil Nadu,131,Chennai
Poha,vegetarian,Maharashtra,60,Indore
Aloo tikki,vegetarian,Punjab,102,Amritsar
Khaman,vegetarian,Gujarat,41,Surat
Sevai,vegetarian,Unknown,119,Chennai
Khorisa,vegetarian,Assam,86,Guwahati
Kadai paneer,vegetarian,Punjab,80,Ludhiana
Chingri Bhape,non vegetarian,West Bengal,131,Kolkata
Kalakand,vegetarian,West Bengal,39,Kolkata
Daal baati churma,vegetarian,Rajasthan,88,Jaipur
Obbattu holige,vegetarian,Karnataka,111,Bangalore
Coconut vadi,vegetarian,Maharashtra,30,Mumbai
Maach Jhol,non vegetarian,Assam,126,Guwahati
Baingan Fry,vegetarian,Punjab,76,Patiala
Khichdi,vegetarian,Unknown,125,New Delhi
Kos kootu,vegetarian,Tamil Nadu,130,Chennai
Keerai sadam,vegetarian,Tamil Nadu,115,Chennai
Modak,vegetarian,Maharashtra,56,Pune
Makki di roti sarson da saag,vegetarian,Punjab,141,Amritsar
Mag Dhokli,vegetarian,Gujarat,40,Ahmedabad
Kolim Jawla,non vegetarian,Maharashtra,104,Mumbai
Dhokla,vegetarian,Gujarat,38,Ahmedabad
Bengena Pitika,vegetarian,Assam,130,Guwahati
Kabiraji,non vegetarian,West Bengal,115,Kolkata
Dahi vada,vegetarian,Maharashtra,40,Mumbai
Paravannam,vegetarian,Kerala,81,Trivandrum
Jeera Aloo,vegetarian,Gujarat,84,Ahmedabad
Sheera,vegetarian,Maharashtra,75,Mumbai
Samosa,vegetarian,Uttar Pradesh,32,Allahabad
Kofta,vegetarian,Uttar Pradesh,79,Lucknow
Dharwad pedha,vegetarian,Karnataka,63,Dharwad
Bilahi Maas,non vegetarian,Assam,96,Jorhat
Kothamali sadam,vegetarian,Tamil Nadu,83,Chennai
Lauki ke kofte,vegetarian,Uttar Pradesh,134,Lucknow
Lilva Kachori,vegetarian,Gujarat,23,Valsad
Til Pitha,vegetarian,Assam,58,Guwahati
Kumol Sawul,non vegetarian,Assam,100,Guwahati
Dahi vada,vegetarian,Maharashtra,37,Mumbai
Konir Dom,non vegetarian,Assam,94,Guwahati
Adhirasam,vegetarian,West Bengal,63,Kolkata
Tandoori Chicken,non vegetarian,Punjab,100,Ludhiana
Cham cham,vegetarian,West Bengal,50,Kolkata
Kajjikaya,vegetarian,Andhra Pradesh,54,Kakinada
Koshimbir,vegetarian,Maharashtra,134,Pune
Koldil Chicken,non vegetarian,Assam,80,Guwahati
Chingri malai curry,non vegetarian,West Bengal,119,Kolkata
Jalebi,vegetarian,Uttar Pradesh,48,Varanasi
Shukto,vegetarian,West Bengal,131,Kolkata
Surnoli,vegetarian,Maharashtra,25,Malvan
Kofta,vegetarian,Uttar Pradesh,79,Lucknow
Kumol Sawul,non vegetarian,Assam,102,Guwahati
Bandar laddu,vegetarian,Andhra Pradesh,66,Machilipatnam
Payokh,vegetarian,Assam,61,Tezpur
Shufta,vegetarian,Jammu & Kashmir,28,Srinagar
Phirni,vegetarian,Odisha,30,Cuttack
Petha,vegetarian,Uttar Pradesh,59,Agra
Dum aloo,vegetarian,Jammu & Kashmir,136,Srinagar
Bhindi masala,vegetarian,Punjab,137,Ludhiana
Kachori,vegetarian,Uttar Pradesh,47,Varanasi
Undhiyu,vegetarian,Gujarat,112,Surat
Pithe,vegetarian,Assam,50,Guwahati
Gheela Pitha,vegetarian,Assam,54,Guwahati
Mihidana,vegetarian,West Bengal,41,Bardhaman
Maach Jhol,non vegetarian,Assam,128,Guwahati
Pantua,vegetarian,West Bengal,76,Ranaghat
Sheera,vegetarian,Maharashtra,83,Mumbai
Idiappam,vegetarian,Tamil Nadu,24,Madurai
Patra,vegetarian,Gujarat,16,Surat
Bora Sawul,vegetarian,Assam,134,Guwahati
Qubani ka meetha,vegetarian,Telangana,45,Hyderabad
Sandige,vegetarian,Karnataka,138,Mangalore
Dum aloo,vegetarian,Jammu & Kashmir,145,Srinagar
Chingri Bhape,non vegetarian,West Bengal,125,Kolkata
Thalipeeth,vegetarian,Maharashtra,83,Pune
Kadai paneer,vegetarian,Punjab,88,Ludhiana
Sutar feni,vegetarian,Maharashtra,66,Mumbai
Pesarattu,vegetarian,Andhra Pradesh,27,Vijayawada
Thepla,vegetarian,Gujarat,48,Ahmedabad
Pongal,vegetarian,Tamil Nadu,51,Chennai
Puri Bhaji,vegetarian,Maharashtra,144,Mumbai
Maach Jhol,non vegetarian,Assam,122,Guwahati
Samosa,vegetarian,Uttar Pradesh,33,Allahabad
Samosa,vegetarian,Uttar Pradesh,25,Allahabad
Pani puri,vegetarian,Uttar Pradesh,59,Varanasi
Haq Maas,non vegetarian,Assam,85,Guwahati
Chhena jalebi,vegetarian,Odisha,45,Puri
Kanji,vegetarian,Kerala,31,Kochi
Chakali,vegetarian,Maharashtra,27,Mumbai
Vindaloo,non vegetarian,Goa,142,Panaji
Sev khamani,vegetarian,Gujarat,97,Surat
Kansar,vegetarian,Gujarat,112,Surat
Bilahi Maas,non vegetarian,Assam,90,Jorhat
Uttapam,vegetarian,Unknown,53,Chennai
Ariselu,vegetarian,Andhra Pradesh,55,Vijayawada
Turiya Patra Vatana sabji,vegetarian,Gujarat,120,Surat
Dum aloo,vegetarian,Jammu & Kashmir,144,Srinagar
Kanji,vegetarian,Kerala,27,Kochi
Cham cham,vegetarian,West Bengal,47,Kolkata
Papad,vegetarian,Unknown,18,Mumbai
Sev tameta,vegetarian,Gujarat,105,Rajkot
Lauki ki subji,vegetarian,Unknown,109,New Delhi
Uttapam,vegetarian,Unknown,54,Chennai
Makki di roti sarson da saag,vegetarian,Punjab,143,Amritsar
Pattor,vegetarian,Rajasthan,137,Jaipur
Kajjikaya,vegetarian,Andhra Pradesh,60,Kakinada
Adhirasam,vegetarian,West Bengal,67,Kolkata
Unni Appam,vegetarian,Tamil Nadu,66,Kottayam
Dum aloo,vegetarian,Jammu & Kashmir,140,Srinagar
Surnoli,vegetarian,Maharashtra,27,Malvan
Aloo methi,vegetarian,Punjab,139,Amritsar
Bandar laddu,vegetarian,Andhra Pradesh,59,Machilipatnam
Biryani,non vegetarian,Telangana,146,Hyderabad
Gud papdi,vegetarian,Gujarat,78,Bhavnagar
Undhiyu,vegetarian,Gujarat,115,Surat
Aloo gobi,vegetarian,Punjab,134,Amritsar
Thalipeeth,vegetarian,Maharashtra,86,Pune
Sandige,vegetarian,Karnataka,139,Mangalore
Kulfi falooda,vegetarian,Unknown,55,New Delhi
Mushroom do pyaza,vegetarian,Punjab,143,Chandigarh
Sandesh,vegetarian,West Bengal,59,Kolkata
Handwo,vegetarian,Gujarat,29,Ahmedabad
Mawa Bati,vegetarian,Madhya Pradesh,58,Bhopal
Lilva Kachori,vegetarian,Gujarat,22,Valsad
Panjeeri,vegetarian,Uttar Pradesh,46,Kanpur
Mysore pak,vegetarian,Karnataka,66,Mysore
Kos kootu,vegetarian,Tamil Nadu,131,Chennai
Chakali,vegetarian,Maharashtra,21,Mumbai
Mushroom matar,vegetarian,Punjab,119,Chandigarh
Payokh,vegetarian,Assam,56,Tezpur
Pantua,vegetarian,West Bengal,73,Ranaghat
Palak paneer,vegetarian,Punjab,138,Chandigarh
Kansar,vegetarian,Gujarat,109,Surat
Avial,vegetarian,Kerala,116,Trivandrum
Double ka meetha,vegetarian,Telangana,39,Hyderabad
Doodhpak,vegetarian,Gujarat,79,Surat
Mushroom matar,vegetarian,Punjab,113,Chandigarh
Obbattu holige,vegetarian,Karnataka,112,Bangalore
Gatta curry,vegetarian,Rajasthan,100,Jodhpur
Chicken Tikka,non vegetarian,Punjab,51,Ludhiana
Chicken Tikka masala,non vegetarian,Punjab,139,Chandigarh
Bora Sawul,vegetarian,Assam,131,Guwahati
Litti chokha,vegetarian,Bihar,108,Patna
Avial,vegetarian,Kerala,114,Trivandrum
Kadhi pakoda,vegetarian,Haryana,122,Chandigarh
Chikki,vegetarian,Maharashtra,41,Lonavala
Kutchi dabeli,vegetarian,Gujarat,56,Mandvi
Vegetable jalfrezi,vegetarian,Punjab,92,Chandigarh
Theeyal,vegetarian,Kerala,101,Trivandrum
Thayir sadam,vegetarian,Tamil Nadu,100,Chennai
Chana masala,vegetarian,Punjab,123,Amritsar
Saath,vegetarian,Gujarat,117,Surat
Gulab jamun,vegetarian,West Bengal,30,Kolkata
Jeera Aloo,vegetarian,Gujarat,90,Ahmedabad
Amti,vegetarian,Maharashtra,96,Pune
Kachori,vegetarian,Uttar Pradesh,51,Varanasi
Mihidana,vegetarian,West Bengal,47,Bardhaman
Prawn malai curry,non vegetarian,West Bengal,96,Kolkata
Jeera Aloo,vegetarian,Gujarat,82,Ahmedabad
Vindaloo,non vegetarian,Goa,143,Panaji
Muthiya,vegetarian,Gujarat,52,Surat
Khichu,vegetarian,Gujarat,29,Surat
Keerai poriyal,vegetarian,Tamil Nadu,145,Chennai
Laddu,vegetarian,Unknown,41,New Delhi
Poha,vegetarian,Maharashtra,62,Indore
Dahi vada,vegetarian,Maharashtra,41,Mumbai
Til Pitha,vegetarian,Assam,48,Guwahati
Khichdi,vegetarian,Unknown,126,New Delhi
Surnoli,vegetarian,Maharashtra,28,Malvan
Gavvalu,vegetarian,Andhra Pradesh,53,Vijayawada
Misti doi,vegetarian,West Bengal,39,Kolkata
Kolim Jawla,non vegetarian,Maharashtra,104,Mumbai
Naan,vegetarian,Punjab,125,Amritsar
Sambar,vegetarian,Unknown,82,Chennai
Bhatura,vegetarian,Punjab,120,Amritsar
Vegetable jalfrezi,vegetarian,Punjab,95,Chandigarh
Upma,vegetarian,Unknown,35,Chennai
Naan,vegetarian,Punjab,128,Amritsar
Lauki ki subji,vegetarian,Unknown,104,New Delhi
Kansar,vegetarian,Gujarat,110,Surat
Pork Bharta,non vegetarian,Tripura,88,Agartala
Mawa Bati,vegetarian,Madhya Pradesh,54,Bhopal
Phirni,vegetarian,Odisha,37,Cuttack
Shankarpali,vegetarian,Maharashtra,60,Mumbai
Paniyaram,vegetarian,Tamil Nadu,140,Chettinad
Kalakand,vegetarian,West Bengal,36,Kolkata
Tandoori Fish Tikka,non vegetarian,Punjab,95,Amritsar
Chapati,vegetarian,Maharashtra,102,Mumbai
Rasabali,vegetarian,Odisha,36,Kendrapara
Thalipeeth,vegetarian,Maharashtra,84,Pune
Shufta,vegetarian,Jammu & Kashmir,30,Srinagar
Kajjikaya,vegetarian,Andhra Pradesh,57,Kakinada
Mawa Bati,vegetarian,Madhya Pradesh,58,Bhopal
Masor tenga,non vegetarian,Assam,81,Guwahati
Pesarattu,vegetarian,Andhra Pradesh,29,Vijayawada
Sevai,vegetarian,Unknown,126,Chennai
Cheera Doi,vegetarian,West Bengal,37,Kolkata
Avial,vegetarian,Kerala,119,Trivandrum
Kheer sagar,vegetarian,Odisha,60,Puri
Paravannam,vegetarian,Kerala,83,Trivandrum
Baingan Fry,vegetarian,Punjab,76,Patiala
Bilahi Maas,non vegetarian,Assam,96,Jorhat
Sambar,vegetarian,Unknown,85,Chennai
Kalakand,vegetarian,West Bengal,35,Kolkata
Keerai poriyal,vegetarian,Tamil Nadu,139,Chennai
Brown Rice,vegetarian,Unknown,142,Generic
Basundi,vegetarian,Gujarat,43,Vadodara
Kheer sagar,vegetarian,Odisha,63,Puri
Dharwad pedha,vegetarian,Karnataka,67,Dharwad
Handwo,vegetarian,Gujarat,32,Ahmedabad
Kheer,vegetarian,Unknown,25,New Delhi
Sambar,vegetarian,Unknown,84,Chennai
Idiappam,vegetarian,Tamil Nadu,30,Madurai
Litti chokha,vegetarian,Bihar,107,Patna
Pav Bhaji,vegetarian,Maharashtra,120,Mumbai
Bengena Pitika,vegetarian,Assam,130,Guwahati
Paniyaram,vegetarian,Tamil Nadu,138,Chettinad
Kanji,vegetarian,Kerala,31,Kochi
Lilva Kachori,vegetarian,Gujarat,30,Valsad
Payokh,vegetarian,Assam,62,Tezpur
Singori,vegetarian,Uttarakhand,36,Almora
Makki di roti sarson da saag,vegetarian,Punjab,140,Amritsar
Gheela Pitha,vegetarian,Assam,53,Guwahati
Anarsa,vegetarian,Maharashtra,35,Nashik
Pootharekulu,vegetarian,Andhra Pradesh,61,Atreyapuram
Boondi,vegetarian,Rajasthan,73,Jaipur
Qubani ka meetha,vegetarian,Telangana,50,Hyderabad
Sev tameta,vegetarian,Gujarat,113,Rajkot
Kulfi falooda,vegetarian,Unknown,54,New Delhi
Coconut vadi,vegetarian,Maharashtra,31,Mumbai
Hando Guri,vegetarian,Assam,37,Guwahati
Uttapam,vegetarian,Unknown,51,Chennai
Khar,vegetarian,Assam,116,Guwahati
Maach Jhol,non vegetarian,Assam,122,Guwahati
Kofta,vegetarian,Uttar Pradesh,83,Lucknow
Dum aloo,vegetarian,Jammu & Kashmir,140,Srinagar
Kalakand,vegetarian,West Bengal,40,Kolkata
Lilva Kachori,vegetarian,Gujarat,29,Valsad
Bisi bele bath,vegetarian,Karnataka,139,Mysore
Papad,vegetarian,Unknown,24,Mumbai
Kootu,vegetarian,Tamil Nadu,120,Chennai
Red Rice,vegetarian,Unknown,135,Palakkad
Sheer korma,vegetarian,Telangana,80,Hyderabad
Copra paak,vegetarian,Gujarat,82,Surat
Masor tenga,non vegetarian,Assam,78,Guwahati
Maach Jhol,non vegetarian,Assam,126,Guwahati
Daal puri,vegetarian,West Bengal,146,Kolkata
Chhena jalebi,vegetarian,Odisha,48,Puri
Khaman,vegetarian,Gujarat,41,Surat
Papadum,vegetarian,Kerala,17,Guruvayur
Chicken razala,non vegetarian,West Bengal,133,Kolkata
Pattor,vegetarian,Rajasthan,128,Jaipur
Navrattan korma,vegetarian,Uttar Pradesh,143,Lucknow
Luchi,vegetarian,West Bengal,103,Kolkata
Sev tameta,vegetarian,Gujarat,115,Rajkot
Konir Dom,non vegetarian,Assam,89,Guwahati
Kuzhi paniyaram,vegetarian,Kerala,63,Kochi
Mysore pak,vegetarian,Karnataka,76,Mysore
Saath,vegetarian,Gujarat,124,Surat
Sattu ki roti,vegetarian,Bihar,126,Patna
Sohan papdi,vegetarian,Maharashtra,66,Nagpur
Gavvalu,vegetarian,Andhra Pradesh,57,Vijayawada
Mahim halwa,vegetarian,Maharashtra,62,Mumbai
Tandoori Chicken,non vegetarian,Punjab,99,Ludhiana
Gheela Pitha,vegetarian,Assam,52,Guwahati
Anarsa,vegetarian,Maharashtra,31,Nashik
Gatta curry,vegetarian,Rajasthan,102,Jodhpur
Pattor,vegetarian,Rajasthan,134,Jaipur
Sukhdi,vegetarian,Maharashtra,56,Mumbai
Mag Dhokli,vegetarian,Gujarat,34,Ahmedabad
Vegetable jalfrezi,vegetarian,Punjab,102,Chandigarh
Shrikhand,vegetarian,Maharashtra,31,Pune
Alu Pitika,non vegetarian,Assam,86,Guwahati
Paneer tikka masala,vegetarian,Punjab,77,Chandigarh
Litti chokha,vegetarian,Bihar,106,Patna
Obbattu holige,vegetarian,Karnataka,106,Bangalore
Pakhala,vegetarian,Odisha,142,Bhubaneswar
Lauki ke kofte,vegetarian,Uttar Pradesh,133,Lucknow
Panjeeri,vegetarian,Uttar Pradesh,44,Kanpur
Bombil fry,non vegetarian,Maharashtra,144,Mumbai
Konir Dom,non vegetarian,Assam,89,Guwahati
Pindi chana,vegetarian,Punjab,133,Rawalpindi
Aloo shimla mirch,vegetarian,Punjab,100,Jalandhar
Bora Sawul,vegetarian,Assam,134,Guwahati
Namakpara,vegetarian,Gujarat,45,Ahmedabad
Nankhatai,vegetarian,Unknown,39,Surat
Hando Guri,vegetarian,Assam,37,Guwahati
Lassi,vegetarian,Punjab,56,Amritsar
Tandoori Fish Tikka,non vegetarian,Punjab,98,Amritsar
Khaman,vegetarian,Gujarat,38,Surat
Doodhpak,vegetarian,Gujarat,82,Surat
Idiappam,vegetarian,Tamil Nadu,29,Madurai
Thepla,vegetarian,Gujarat,49,Ahmedabad
Mag Dhokli,vegetarian,Gujarat,34,Ahmedabad
Zunka,vegetarian,Maharashtra,135,Pune
Farsi Puri,vegetarian,Gujarat,37,Surat
Sambar,vegetarian,Unknown,76,Chennai
Chicken Varuval,non vegetarian,Tamil Nadu,118,Chettinad
Kuzhambu,vegetarian,Tamil Nadu,119,Chettinad
Chapati,vegetarian,Maharashtra,93,Mumbai
Fara,vegetarian,Chhattisgarh,55,Raipur
Veg Kolhapuri,vegetarian,Maharashtra,104,Kolhapur
Mohanthal,vegetarian,Gujarat,33,Ahmedabad
Bengena Pitika,vegetarian,Assam,124,Guwahati
Payokh,vegetarian,Assam,61,Tezpur
Khakhra,vegetarian,Gujarat,56,Rajkot
Paratha,vegetarian,Punjab,131,Amritsar
Navrattan korma,vegetarian,Uttar Pradesh,133,Lucknow
Kaara kozhambu,vegetarian,Tamil Nadu,116,Chettinad
Prawn malai curry,non vegetarian,West Bengal,96,Kolkata
Jeera Aloo,vegetarian,Gujarat,88,Ahmedabad
Bengena Pitika,vegetarian,Assam,125,Guwahati
Chhena jalebi,vegetarian,Odisha,47,Puri
Koshimbir,vegetarian,Maharashtra,135,Pune
Pithe,vegetarian,Assam,43,Guwahati
Paneer butter masala,vegetarian,Punjab,114,Chandigarh
Litti chokha,vegetarian,Bihar,102,Patna
Thayir sadam,vegetarian,Tamil Nadu,100,Chennai
Sandige,vegetarian,Karnataka,137,Mangalore
Koshimbir,vegetarian,Maharashtra,127,Pune
Dahi vada,vegetarian,Maharashtra,38,Mumbai
Malapua,vegetarian,Bihar,42,Patna
Sandige,vegetarian,Karnataka,131,Mangalore
Poriyal,vegetarian,Tamil Nadu,152,Chennai
Dalithoy,vegetarian,Maharashtra,142,Mumbai
Kothamali sadam,vegetarian,Tamil Nadu,80,Chennai
Keerai poriyal,vegetarian,Tamil Nadu,143,Chennai
Navrattan korma,vegetarian,Uttar Pradesh,139,Lucknow
Adhirasam,vegetarian,West Bengal,73,Kolkata
Kuzhakkattai,vegetarian,Tamil Nadu,96,Chennai
Puttu,vegetarian,Kerala,82,Kochi
Kabiraji,non vegetarian,West Bengal,117,Kolkata
Pesarattu,vegetarian,Andhra Pradesh,24,Vijayawada
Upma,vegetarian,Unknown,36,Chennai
Petha,vegetarian,Uttar Pradesh,58,Agra
Veg Kolhapuri,vegetarian,Maharashtra,99,Kolhapur
Kheer sagar,vegetarian,Odisha,66,Puri
Methi na Gota,vegetarian,Gujarat,137,Dakor
Daal Dhokli,vegetarian,Gujarat,130,Ahmedabad
Mushroom matar,vegetarian,Punjab,118,Chandigarh
Nankhatai,vegetarian,Unknown,46,Surat
Kofta,vegetarian,Uttar Pradesh,85,Lucknow
Laapsi,vegetarian,Madhya Pradesh,113,Indore
Dahi vada,vegetarian,Maharashtra,35,Mumbai
Chicken Tikka masala,non vegetarian,Punjab,138,Chandigarh
Paneer butter masala,vegetarian,Punjab,118,Chandigarh
Mushroom do pyaza,vegetarian,Punjab,140,Chandigarh
Paneer butter masala,vegetarian,Punjab,119,Chandigarh
Dalithoy,vegetarian,Maharashtra,137,Mumbai
Chingri Bhape,non vegetarian,West Bengal,127,Kolkata
Masala Dosa,vegetarian,Unknown,51,Udupi
Gud papdi,vegetarian,Gujarat,75,Bhavnagar
Koldil Chicken,non vegetarian,Assam,79,Guwahati
Red Rice,vegetarian,Unknown,132,Palakkad
Puli sadam,vegetarian,Tamil Nadu,137,Chennai
Veg Kolhapuri,vegetarian,Maharashtra,101,Kolhapur
Sheera,vegetarian,Maharashtra,75,Mumbai
Naan,vegetarian,Punjab,121,Amritsar
Shankarpali,vegetarian,Maharashtra,51,Mumbai
Makki di roti sarson da saag,vegetarian,Punjab,137,Amritsar
Bhakri,vegetarian,Maharashtra,133,Pune
Patra,vegetarian,Gujarat,20,Surat
Mahim halwa,vegetarian,Maharashtra,57,Mumbai
Chingri Bhape,non vegetarian,West Bengal,131,Kolkata
Singori,vegetarian,Uttarakhand,45,Almora
Chole bhature,vegetarian,Punjab,111,Amritsar
Bajri no rotlo,vegetarian,Gujarat,140,Rajkot
Lyangcha,vegetarian,Assam,74,Guwahati
Mohanthal,vegetarian,Gujarat,39,Ahmedabad
Adhirasam,vegetarian,West Bengal,66,Kolkata
Kofta,vegetarian,Uttar Pradesh,79,Lucknow
Currivepillai sadam ,vegetarian,Tamil Nadu,132,Chennai
Koldil Chicken,non vegetarian,Assam,84,Guwahati
Aloo matar,vegetarian,Punjab,97,Ludhiana
Maach Jhol,non vegetarian,Assam,119,Guwahati
Saath,vegetarian,Gujarat,118,Surat
Patra,vegetarian,Gujarat,18,Surat
Puli sadam,vegetarian,Tamil Nadu,136,Chennai
Avial,vegetarian,Kerala,121,Trivandrum
Gatta curry,vegetarian,Rajasthan,103,Jodhpur
Sevai,vegetarian,Unknown,123,Chennai
Bandar laddu,vegetarian,Andhra Pradesh,57,Machilipatnam
Poriyal,vegetarian,Tamil Nadu,153,Chennai
Karela bharta,vegetarian,Punjab,114,Amritsar
Puri Bhaji,vegetarian,Maharashtra,154,Mumbai
Mawa Bati,vegetarian,Madhya Pradesh,57,Bhopal
Misi roti,vegetarian,Punjab,144,Ludhiana
Kofta,vegetarian,Uttar Pradesh,76,Lucknow
Amti,vegetarian,Maharashtra,98,Pune
Konir Dom,non vegetarian,Assam,89,Guwahati
Kabiraji,non vegetarian,West Bengal,117,Kolkata
Naan,vegetarian,Punjab,125,Amritsar
Jeera Aloo,vegetarian,Gujarat,83,Ahmedabad
Lassi,vegetarian,Punjab,64,Amritsar
Pattor,vegetarian,Rajasthan,133,Jaipur
Dal tadka,vegetarian,Punjab,116,Chandigarh
Panjeeri,vegetarian,Uttar Pradesh,46,Kanpur
Boondi,vegetarian,Rajasthan,73,Jaipur
Sandige,vegetarian,Karnataka,141,Mangalore
Kansar,vegetarian,Gujarat,111,Surat
Chhena poda,vegetarian,Odisha,42,Nayagarh
Sheer korma,vegetarian,Telangana,81,Hyderabad
Phirni,vegetarian,Odisha,29,Cuttack
Mishti Chholar Dal,vegetarian,West Bengal,83,Kolkata
Turiya Patra Vatana sabji,vegetarian,Gujarat,114,Surat
Petha,vegetarian,Uttar Pradesh,66,Agra
Mag Dhokli,vegetarian,Gujarat,39,Ahmedabad
Pork Bharta,non vegetarian,Tripura,86,Agartala
